time,node,iface,class,drops_per_sec
2,LER_Ingress,leri-cr1,AF41,0
2,LER_Ingress,leri-cr1,AF42,60351
2,LER_Ingress,leri-cr1,AF43,29724
2,LER_Ingress,leri-cr2,AF41,0
2,LER_Ingress,leri-cr2,AF42,0
2,LER_Ingress,leri-cr2,AF43,0
2,LER_Ingress,leri-cr3,AF41,0
2,LER_Ingress,leri-cr3,AF42,0
2,LER_Ingress,leri-cr3,AF43,0
3,LER_Ingress,leri-cr1,AF41,0
3,LER_Ingress,leri-cr1,AF42,94926
3,LER_Ingress,leri-cr1,AF43,51353
3,LER_Ingress,leri-cr2,AF41,0
3,LER_Ingress,leri-cr2,AF42,0
3,LER_Ingress,leri-cr2,AF43,0
3,LER_Ingress,leri-cr3,AF41,0
3,LER_Ingress,leri-cr3,AF42,0
3,LER_Ingress,leri-cr3,AF43,0
4,LER_Ingress,leri-cr1,AF41,0
4,LER_Ingress,leri-cr1,AF42,94872
4,LER_Ingress,leri-cr1,AF43,51315
4,LER_Ingress,leri-cr2,AF41,0
4,LER_Ingress,leri-cr2,AF42,0
4,LER_Ingress,leri-cr2,AF43,0
4,LER_Ingress,leri-cr3,AF41,0
4,LER_Ingress,leri-cr3,AF42,0
4,LER_Ingress,leri-cr3,AF43,0
5,LER_Ingress,leri-cr1,AF41,0
5,LER_Ingress,leri-cr1,AF42,94935
5,LER_Ingress,leri-cr1,AF43,51350
5,LER_Ingress,leri-cr2,AF41,0
5,LER_Ingress,leri-cr2,AF42,0
5,LER_Ingress,leri-cr2,AF43,0
5,LER_Ingress,leri-cr3,AF41,0
5,LER_Ingress,leri-cr3,AF42,0
5,LER_Ingress,leri-cr3,AF43,0
6,LER_Ingress,leri-cr1,AF41,0
6,LER_Ingress,leri-cr1,AF42,94941
6,LER_Ingress,leri-cr1,AF43,51352
6,LER_Ingress,leri-cr2,AF41,0
6,LER_Ingress,leri-cr2,AF42,0
6,LER_Ingress,leri-cr2,AF43,0
6,LER_Ingress,leri-cr3,AF41,0
6,LER_Ingress,leri-cr3,AF42,0
6,LER_Ingress,leri-cr3,AF43,0
7,LER_Ingress,leri-cr1,AF41,0
7,LER_Ingress,leri-cr1,AF42,94930
7,LER_Ingress,leri-cr1,AF43,51349
7,LER_Ingress,leri-cr2,AF41,0
7,LER_Ingress,leri-cr2,AF42,0
7,LER_Ingress,leri-cr2,AF43,0
7,LER_Ingress,leri-cr3,AF41,0
7,LER_Ingress,leri-cr3,AF42,0
7,LER_Ingress,leri-cr3,AF43,0
8,LER_Ingress,leri-cr1,AF41,0
8,LER_Ingress,leri-cr1,AF42,94927
8,LER_Ingress,leri-cr1,AF43,51346
8,LER_Ingress,leri-cr2,AF41,0
8,LER_Ingress,leri-cr2,AF42,0
8,LER_Ingress,leri-cr2,AF43,0
8,LER_Ingress,leri-cr3,AF41,0
8,LER_Ingress,leri-cr3,AF42,0
8,LER_Ingress,leri-cr3,AF43,0
9,LER_Ingress,leri-cr1,AF41,0
9,LER_Ingress,leri-cr1,AF42,94982
9,LER_Ingress,leri-cr1,AF43,51376
9,LER_Ingress,leri-cr2,AF41,0
9,LER_Ingress,leri-cr2,AF42,0
9,LER_Ingress,leri-cr2,AF43,0
9,LER_Ingress,leri-cr3,AF41,0
9,LER_Ingress,leri-cr3,AF42,0
9,LER_Ingress,leri-cr3,AF43,0
10,LER_Ingress,leri-cr1,AF41,0
10,LER_Ingress,leri-cr1,AF42,95014
10,LER_Ingress,leri-cr1,AF43,51396
10,LER_Ingress,leri-cr2,AF41,0
10,LER_Ingress,leri-cr2,AF42,0
10,LER_Ingress,leri-cr2,AF43,0
10,LER_Ingress,leri-cr3,AF41,0
10,LER_Ingress,leri-cr3,AF42,0
10,LER_Ingress,leri-cr3,AF43,0
11,LER_Ingress,leri-cr1,AF41,0
11,LER_Ingress,leri-cr1,AF42,94997
11,LER_Ingress,leri-cr1,AF43,51385
11,LER_Ingress,leri-cr2,AF41,0
11,LER_Ingress,leri-cr2,AF42,0
11,LER_Ingress,leri-cr2,AF43,0
11,LER_Ingress,leri-cr3,AF41,0
11,LER_Ingress,leri-cr3,AF42,0
11,LER_Ingress,leri-cr3,AF43,0
12,LER_Ingress,leri-cr1,AF41,0
12,LER_Ingress,leri-cr1,AF42,94917
12,LER_Ingress,leri-cr1,AF43,51342
12,LER_Ingress,leri-cr2,AF41,0
12,LER_Ingress,leri-cr2,AF42,0
12,LER_Ingress,leri-cr2,AF43,0
12,LER_Ingress,leri-cr3,AF41,0
12,LER_Ingress,leri-cr3,AF42,0
12,LER_Ingress,leri-cr3,AF43,0
13,LER_Ingress,leri-cr1,AF41,0
13,LER_Ingress,leri-cr1,AF42,94992
13,LER_Ingress,leri-cr1,AF43,51379
13,LER_Ingress,leri-cr2,AF41,0
13,LER_Ingress,leri-cr2,AF42,0
13,LER_Ingress,leri-cr2,AF43,0
13,LER_Ingress,leri-cr3,AF41,0
13,LER_Ingress,leri-cr3,AF42,0
13,LER_Ingress,leri-cr3,AF43,0
14,LER_Ingress,leri-cr1,AF41,0
14,LER_Ingress,leri-cr1,AF42,94928
14,LER_Ingress,leri-cr1,AF43,51351
14,LER_Ingress,leri-cr2,AF41,0
14,LER_Ingress,leri-cr2,AF42,0
14,LER_Ingress,leri-cr2,AF43,0
14,LER_Ingress,leri-cr3,AF41,0
14,LER_Ingress,leri-cr3,AF42,0
14,LER_Ingress,leri-cr3,AF43,0
15,LER_Ingress,leri-cr1,AF41,0
15,LER_Ingress,leri-cr1,AF42,95010
15,LER_Ingress,leri-cr1,AF43,51391
15,LER_Ingress,leri-cr2,AF41,0
15,LER_Ingress,leri-cr2,AF42,0
15,LER_Ingress,leri-cr2,AF43,0
15,LER_Ingress,leri-cr3,AF41,0
15,LER_Ingress,leri-cr3,AF42,0
15,LER_Ingress,leri-cr3,AF43,0
16,LER_Ingress,leri-cr1,AF41,0
16,LER_Ingress,leri-cr1,AF42,94993
16,LER_Ingress,leri-cr1,AF43,51379
16,LER_Ingress,leri-cr2,AF41,0
16,LER_Ingress,leri-cr2,AF42,0
16,LER_Ingress,leri-cr2,AF43,0
16,LER_Ingress,leri-cr3,AF41,0
16,LER_Ingress,leri-cr3,AF42,0
16,LER_Ingress,leri-cr3,AF43,0
17,LER_Ingress,leri-cr1,AF41,0
17,LER_Ingress,leri-cr1,AF42,94995
17,LER_Ingress,leri-cr1,AF43,51383
17,LER_Ingress,leri-cr2,AF41,0
17,LER_Ingress,leri-cr2,AF42,0
17,LER_Ingress,leri-cr2,AF43,0
17,LER_Ingress,leri-cr3,AF41,0
17,LER_Ingress,leri-cr3,AF42,0
17,LER_Ingress,leri-cr3,AF43,0
18,LER_Ingress,leri-cr1,AF41,0
18,LER_Ingress,leri-cr1,AF42,95019
18,LER_Ingress,leri-cr1,AF43,51401
18,LER_Ingress,leri-cr2,AF41,0
18,LER_Ingress,leri-cr2,AF42,0
18,LER_Ingress,leri-cr2,AF43,0
18,LER_Ingress,leri-cr3,AF41,0
18,LER_Ingress,leri-cr3,AF42,0
18,LER_Ingress,leri-cr3,AF43,0
19,LER_Ingress,leri-cr1,AF41,0
19,LER_Ingress,leri-cr1,AF42,94938
19,LER_Ingress,leri-cr1,AF43,51354
19,LER_Ingress,leri-cr2,AF41,0
19,LER_Ingress,leri-cr2,AF42,0
19,LER_Ingress,leri-cr2,AF43,0
19,LER_Ingress,leri-cr3,AF41,0
19,LER_Ingress,leri-cr3,AF42,0
19,LER_Ingress,leri-cr3,AF43,0
20,LER_Ingress,leri-cr1,AF41,0
20,LER_Ingress,leri-cr1,AF42,94917
20,LER_Ingress,leri-cr1,AF43,51343
20,LER_Ingress,leri-cr2,AF41,0
20,LER_Ingress,leri-cr2,AF42,0
20,LER_Ingress,leri-cr2,AF43,0
20,LER_Ingress,leri-cr3,AF41,0
20,LER_Ingress,leri-cr3,AF42,0
20,LER_Ingress,leri-cr3,AF43,0
21,LER_Ingress,leri-cr1,AF41,0
21,LER_Ingress,leri-cr1,AF42,74853
21,LER_Ingress,leri-cr1,AF43,40487
21,LER_Ingress,leri-cr2,AF41,0
21,LER_Ingress,leri-cr2,AF42,0
21,LER_Ingress,leri-cr2,AF43,0
21,LER_Ingress,leri-cr3,AF41,0
21,LER_Ingress,leri-cr3,AF42,0
21,LER_Ingress,leri-cr3,AF43,0
22,LER_Ingress,leri-cr1,AF41,0
22,LER_Ingress,leri-cr1,AF42,0
22,LER_Ingress,leri-cr1,AF43,0
22,LER_Ingress,leri-cr2,AF41,0
22,LER_Ingress,leri-cr2,AF42,84435
22,LER_Ingress,leri-cr2,AF43,42757
22,LER_Ingress,leri-cr3,AF41,0
22,LER_Ingress,leri-cr3,AF42,0
22,LER_Ingress,leri-cr3,AF43,0
23,LER_Ingress,leri-cr1,AF41,0
23,LER_Ingress,leri-cr1,AF42,0
23,LER_Ingress,leri-cr1,AF43,0
23,LER_Ingress,leri-cr2,AF41,0
23,LER_Ingress,leri-cr2,AF42,94898
23,LER_Ingress,leri-cr2,AF43,51335
23,LER_Ingress,leri-cr3,AF41,0
23,LER_Ingress,leri-cr3,AF42,0
23,LER_Ingress,leri-cr3,AF43,0
24,LER_Ingress,leri-cr1,AF41,0
24,LER_Ingress,leri-cr1,AF42,0
24,LER_Ingress,leri-cr1,AF43,0
24,LER_Ingress,leri-cr2,AF41,0
24,LER_Ingress,leri-cr2,AF42,94998
24,LER_Ingress,leri-cr2,AF43,51373
24,LER_Ingress,leri-cr3,AF41,0
24,LER_Ingress,leri-cr3,AF42,0
24,LER_Ingress,leri-cr3,AF43,0
25,LER_Ingress,leri-cr1,AF41,0
25,LER_Ingress,leri-cr1,AF42,0
25,LER_Ingress,leri-cr1,AF43,0
25,LER_Ingress,leri-cr2,AF41,0
25,LER_Ingress,leri-cr2,AF42,95004
25,LER_Ingress,leri-cr2,AF43,51393
25,LER_Ingress,leri-cr3,AF41,0
25,LER_Ingress,leri-cr3,AF42,0
25,LER_Ingress,leri-cr3,AF43,0
26,LER_Ingress,leri-cr1,AF41,0
26,LER_Ingress,leri-cr1,AF42,0
26,LER_Ingress,leri-cr1,AF43,0
26,LER_Ingress,leri-cr2,AF41,0
26,LER_Ingress,leri-cr2,AF42,94942
26,LER_Ingress,leri-cr2,AF43,51359
26,LER_Ingress,leri-cr3,AF41,0
26,LER_Ingress,leri-cr3,AF42,0
26,LER_Ingress,leri-cr3,AF43,0
27,LER_Ingress,leri-cr1,AF41,0
27,LER_Ingress,leri-cr1,AF42,0
27,LER_Ingress,leri-cr1,AF43,0
27,LER_Ingress,leri-cr2,AF41,0
27,LER_Ingress,leri-cr2,AF42,94904
27,LER_Ingress,leri-cr2,AF43,51338
27,LER_Ingress,leri-cr3,AF41,0
27,LER_Ingress,leri-cr3,AF42,0
27,LER_Ingress,leri-cr3,AF43,0
28,LER_Ingress,leri-cr1,AF41,0
28,LER_Ingress,leri-cr1,AF42,0
28,LER_Ingress,leri-cr1,AF43,0
28,LER_Ingress,leri-cr2,AF41,0
28,LER_Ingress,leri-cr2,AF42,94942
28,LER_Ingress,leri-cr2,AF43,51352
28,LER_Ingress,leri-cr3,AF41,0
28,LER_Ingress,leri-cr3,AF42,0
28,LER_Ingress,leri-cr3,AF43,0
29,LER_Ingress,leri-cr1,AF41,0
29,LER_Ingress,leri-cr1,AF42,0
29,LER_Ingress,leri-cr1,AF43,0
29,LER_Ingress,leri-cr2,AF41,0
29,LER_Ingress,leri-cr2,AF42,94931
29,LER_Ingress,leri-cr2,AF43,51349
29,LER_Ingress,leri-cr3,AF41,0
29,LER_Ingress,leri-cr3,AF42,0
29,LER_Ingress,leri-cr3,AF43,0
30,LER_Ingress,leri-cr1,AF41,0
30,LER_Ingress,leri-cr1,AF42,0
30,LER_Ingress,leri-cr1,AF43,0
30,LER_Ingress,leri-cr2,AF41,0
30,LER_Ingress,leri-cr2,AF42,94950
30,LER_Ingress,leri-cr2,AF43,51358
30,LER_Ingress,leri-cr3,AF41,0
30,LER_Ingress,leri-cr3,AF42,0
30,LER_Ingress,leri-cr3,AF43,0
31,LER_Ingress,leri-cr1,AF41,0
31,LER_Ingress,leri-cr1,AF42,0
31,LER_Ingress,leri-cr1,AF43,0
31,LER_Ingress,leri-cr2,AF41,0
31,LER_Ingress,leri-cr2,AF42,94967
31,LER_Ingress,leri-cr2,AF43,51368
31,LER_Ingress,leri-cr3,AF41,0
31,LER_Ingress,leri-cr3,AF42,0
31,LER_Ingress,leri-cr3,AF43,0
32,LER_Ingress,leri-cr1,AF41,0
32,LER_Ingress,leri-cr1,AF42,0
32,LER_Ingress,leri-cr1,AF43,0
32,LER_Ingress,leri-cr2,AF41,0
32,LER_Ingress,leri-cr2,AF42,95020
32,LER_Ingress,leri-cr2,AF43,51391
32,LER_Ingress,leri-cr3,AF41,0
32,LER_Ingress,leri-cr3,AF42,0
32,LER_Ingress,leri-cr3,AF43,0
33,LER_Ingress,leri-cr1,AF41,0
33,LER_Ingress,leri-cr1,AF42,0
33,LER_Ingress,leri-cr1,AF43,0
33,LER_Ingress,leri-cr2,AF41,0
33,LER_Ingress,leri-cr2,AF42,94954
33,LER_Ingress,leri-cr2,AF43,51359
33,LER_Ingress,leri-cr3,AF41,0
33,LER_Ingress,leri-cr3,AF42,0
33,LER_Ingress,leri-cr3,AF43,0
34,LER_Ingress,leri-cr1,AF41,0
34,LER_Ingress,leri-cr1,AF42,0
34,LER_Ingress,leri-cr1,AF43,0
34,LER_Ingress,leri-cr2,AF41,0
34,LER_Ingress,leri-cr2,AF42,94915
34,LER_Ingress,leri-cr2,AF43,51345
34,LER_Ingress,leri-cr3,AF41,0
34,LER_Ingress,leri-cr3,AF42,0
34,LER_Ingress,leri-cr3,AF43,0
35,LER_Ingress,leri-cr1,AF41,0
35,LER_Ingress,leri-cr1,AF42,0
35,LER_Ingress,leri-cr1,AF43,0
35,LER_Ingress,leri-cr2,AF41,0
35,LER_Ingress,leri-cr2,AF42,94973
35,LER_Ingress,leri-cr2,AF43,51369
35,LER_Ingress,leri-cr3,AF41,0
35,LER_Ingress,leri-cr3,AF42,0
35,LER_Ingress,leri-cr3,AF43,0
36,LER_Ingress,leri-cr1,AF41,0
36,LER_Ingress,leri-cr1,AF42,0
36,LER_Ingress,leri-cr1,AF43,0
36,LER_Ingress,leri-cr2,AF41,0
36,LER_Ingress,leri-cr2,AF42,94954
36,LER_Ingress,leri-cr2,AF43,51364
36,LER_Ingress,leri-cr3,AF41,0
36,LER_Ingress,leri-cr3,AF42,0
36,LER_Ingress,leri-cr3,AF43,0
37,LER_Ingress,leri-cr1,AF41,0
37,LER_Ingress,leri-cr1,AF42,0
37,LER_Ingress,leri-cr1,AF43,0
37,LER_Ingress,leri-cr2,AF41,0
37,LER_Ingress,leri-cr2,AF42,94908
37,LER_Ingress,leri-cr2,AF43,51333
37,LER_Ingress,leri-cr3,AF41,0
37,LER_Ingress,leri-cr3,AF42,0
37,LER_Ingress,leri-cr3,AF43,0
38,LER_Ingress,leri-cr1,AF41,0
38,LER_Ingress,leri-cr1,AF42,0
38,LER_Ingress,leri-cr1,AF43,0
38,LER_Ingress,leri-cr2,AF41,0
38,LER_Ingress,leri-cr2,AF42,94951
38,LER_Ingress,leri-cr2,AF43,51361
38,LER_Ingress,leri-cr3,AF41,0
38,LER_Ingress,leri-cr3,AF42,0
38,LER_Ingress,leri-cr3,AF43,0
39,LER_Ingress,leri-cr1,AF41,0
39,LER_Ingress,leri-cr1,AF42,0
39,LER_Ingress,leri-cr1,AF43,0
39,LER_Ingress,leri-cr2,AF41,0
39,LER_Ingress,leri-cr2,AF42,94917
39,LER_Ingress,leri-cr2,AF43,51345
39,LER_Ingress,leri-cr3,AF41,0
39,LER_Ingress,leri-cr3,AF42,0
39,LER_Ingress,leri-cr3,AF43,0
40,LER_Ingress,leri-cr1,AF41,0
40,LER_Ingress,leri-cr1,AF42,0
40,LER_Ingress,leri-cr1,AF43,0
40,LER_Ingress,leri-cr2,AF41,0
40,LER_Ingress,leri-cr2,AF42,94972
40,LER_Ingress,leri-cr2,AF43,51370
40,LER_Ingress,leri-cr3,AF41,0
40,LER_Ingress,leri-cr3,AF42,0
40,LER_Ingress,leri-cr3,AF43,0
41,LER_Ingress,leri-cr1,AF41,0
41,LER_Ingress,leri-cr1,AF42,0
41,LER_Ingress,leri-cr1,AF43,0
41,LER_Ingress,leri-cr2,AF41,0
41,LER_Ingress,leri-cr2,AF42,94908
41,LER_Ingress,leri-cr2,AF43,51336
41,LER_Ingress,leri-cr3,AF41,0
41,LER_Ingress,leri-cr3,AF42,0
41,LER_Ingress,leri-cr3,AF43,0
42,LER_Ingress,leri-cr1,AF41,0
42,LER_Ingress,leri-cr1,AF42,89779
42,LER_Ingress,leri-cr1,AF43,45641
42,LER_Ingress,leri-cr2,AF41,0
42,LER_Ingress,leri-cr2,AF42,807
42,LER_Ingress,leri-cr2,AF43,481
42,LER_Ingress,leri-cr3,AF41,0
42,LER_Ingress,leri-cr3,AF42,0
42,LER_Ingress,leri-cr3,AF43,0
43,LER_Ingress,leri-cr1,AF41,0
43,LER_Ingress,leri-cr1,AF42,94984
43,LER_Ingress,leri-cr1,AF43,51378
43,LER_Ingress,leri-cr2,AF41,0
43,LER_Ingress,leri-cr2,AF42,0
43,LER_Ingress,leri-cr2,AF43,0
43,LER_Ingress,leri-cr3,AF41,0
43,LER_Ingress,leri-cr3,AF42,0
43,LER_Ingress,leri-cr3,AF43,0
44,LER_Ingress,leri-cr1,AF41,0
44,LER_Ingress,leri-cr1,AF42,94941
44,LER_Ingress,leri-cr1,AF43,51354
44,LER_Ingress,leri-cr2,AF41,0
44,LER_Ingress,leri-cr2,AF42,0
44,LER_Ingress,leri-cr2,AF43,0
44,LER_Ingress,leri-cr3,AF41,0
44,LER_Ingress,leri-cr3,AF42,0
44,LER_Ingress,leri-cr3,AF43,0
45,LER_Ingress,leri-cr1,AF41,0
45,LER_Ingress,leri-cr1,AF42,94916
45,LER_Ingress,leri-cr1,AF43,51335
45,LER_Ingress,leri-cr2,AF41,0
45,LER_Ingress,leri-cr2,AF42,0
45,LER_Ingress,leri-cr2,AF43,0
45,LER_Ingress,leri-cr3,AF41,0
45,LER_Ingress,leri-cr3,AF42,0
45,LER_Ingress,leri-cr3,AF43,0
46,LER_Ingress,leri-cr1,AF41,0
46,LER_Ingress,leri-cr1,AF42,94962
46,LER_Ingress,leri-cr1,AF43,51370
46,LER_Ingress,leri-cr2,AF41,0
46,LER_Ingress,leri-cr2,AF42,0
46,LER_Ingress,leri-cr2,AF43,0
46,LER_Ingress,leri-cr3,AF41,0
46,LER_Ingress,leri-cr3,AF42,0
46,LER_Ingress,leri-cr3,AF43,0
47,LER_Ingress,leri-cr1,AF41,0
47,LER_Ingress,leri-cr1,AF42,94965
47,LER_Ingress,leri-cr1,AF43,51362
47,LER_Ingress,leri-cr2,AF41,0
47,LER_Ingress,leri-cr2,AF42,0
47,LER_Ingress,leri-cr2,AF43,0
47,LER_Ingress,leri-cr3,AF41,0
47,LER_Ingress,leri-cr3,AF42,0
47,LER_Ingress,leri-cr3,AF43,0
48,LER_Ingress,leri-cr1,AF41,0
48,LER_Ingress,leri-cr1,AF42,94956
48,LER_Ingress,leri-cr1,AF43,51362
48,LER_Ingress,leri-cr2,AF41,0
48,LER_Ingress,leri-cr2,AF42,0
48,LER_Ingress,leri-cr2,AF43,0
48,LER_Ingress,leri-cr3,AF41,0
48,LER_Ingress,leri-cr3,AF42,0
48,LER_Ingress,leri-cr3,AF43,0
49,LER_Ingress,leri-cr1,AF41,0
49,LER_Ingress,leri-cr1,AF42,94934
49,LER_Ingress,leri-cr1,AF43,51350
49,LER_Ingress,leri-cr2,AF41,0
49,LER_Ingress,leri-cr2,AF42,0
49,LER_Ingress,leri-cr2,AF43,0
49,LER_Ingress,leri-cr3,AF41,0
49,LER_Ingress,leri-cr3,AF42,0
49,LER_Ingress,leri-cr3,AF43,0
50,LER_Ingress,leri-cr1,AF41,0
50,LER_Ingress,leri-cr1,AF42,94849
50,LER_Ingress,leri-cr1,AF43,51308
50,LER_Ingress,leri-cr2,AF41,0
50,LER_Ingress,leri-cr2,AF42,0
50,LER_Ingress,leri-cr2,AF43,0
50,LER_Ingress,leri-cr3,AF41,0
50,LER_Ingress,leri-cr3,AF42,0
50,LER_Ingress,leri-cr3,AF43,0
51,LER_Ingress,leri-cr1,AF41,0
51,LER_Ingress,leri-cr1,AF42,94893
51,LER_Ingress,leri-cr1,AF43,51326
51,LER_Ingress,leri-cr2,AF41,0
51,LER_Ingress,leri-cr2,AF42,0
51,LER_Ingress,leri-cr2,AF43,0
51,LER_Ingress,leri-cr3,AF41,0
51,LER_Ingress,leri-cr3,AF42,0
51,LER_Ingress,leri-cr3,AF43,0
52,LER_Ingress,leri-cr1,AF41,0
52,LER_Ingress,leri-cr1,AF42,94898
52,LER_Ingress,leri-cr1,AF43,51328
52,LER_Ingress,leri-cr2,AF41,0
52,LER_Ingress,leri-cr2,AF42,0
52,LER_Ingress,leri-cr2,AF43,0
52,LER_Ingress,leri-cr3,AF41,0
52,LER_Ingress,leri-cr3,AF42,0
52,LER_Ingress,leri-cr3,AF43,0
53,LER_Ingress,leri-cr1,AF41,0
53,LER_Ingress,leri-cr1,AF42,94948
53,LER_Ingress,leri-cr1,AF43,51358
53,LER_Ingress,leri-cr2,AF41,0
53,LER_Ingress,leri-cr2,AF42,0
53,LER_Ingress,leri-cr2,AF43,0
53,LER_Ingress,leri-cr3,AF41,0
53,LER_Ingress,leri-cr3,AF42,0
53,LER_Ingress,leri-cr3,AF43,0
54,LER_Ingress,leri-cr1,AF41,0
54,LER_Ingress,leri-cr1,AF42,94909
54,LER_Ingress,leri-cr1,AF43,51336
54,LER_Ingress,leri-cr2,AF41,0
54,LER_Ingress,leri-cr2,AF42,0
54,LER_Ingress,leri-cr2,AF43,0
54,LER_Ingress,leri-cr3,AF41,0
54,LER_Ingress,leri-cr3,AF42,0
54,LER_Ingress,leri-cr3,AF43,0
55,LER_Ingress,leri-cr1,AF41,0
55,LER_Ingress,leri-cr1,AF42,94879
55,LER_Ingress,leri-cr1,AF43,51315
55,LER_Ingress,leri-cr2,AF41,0
55,LER_Ingress,leri-cr2,AF42,0
55,LER_Ingress,leri-cr2,AF43,0
55,LER_Ingress,leri-cr3,AF41,0
55,LER_Ingress,leri-cr3,AF42,0
55,LER_Ingress,leri-cr3,AF43,0
56,LER_Ingress,leri-cr1,AF41,0
56,LER_Ingress,leri-cr1,AF42,94968
56,LER_Ingress,leri-cr1,AF43,51370
56,LER_Ingress,leri-cr2,AF41,0
56,LER_Ingress,leri-cr2,AF42,0
56,LER_Ingress,leri-cr2,AF43,0
56,LER_Ingress,leri-cr3,AF41,0
56,LER_Ingress,leri-cr3,AF42,0
56,LER_Ingress,leri-cr3,AF43,0
57,LER_Ingress,leri-cr1,AF41,0
57,LER_Ingress,leri-cr1,AF42,94965
57,LER_Ingress,leri-cr1,AF43,51360
57,LER_Ingress,leri-cr2,AF41,0
57,LER_Ingress,leri-cr2,AF42,0
57,LER_Ingress,leri-cr2,AF43,0
57,LER_Ingress,leri-cr3,AF41,0
57,LER_Ingress,leri-cr3,AF42,0
57,LER_Ingress,leri-cr3,AF43,0
58,LER_Ingress,leri-cr1,AF41,0
58,LER_Ingress,leri-cr1,AF42,94970
58,LER_Ingress,leri-cr1,AF43,51366
58,LER_Ingress,leri-cr2,AF41,0
58,LER_Ingress,leri-cr2,AF42,0
58,LER_Ingress,leri-cr2,AF43,0
58,LER_Ingress,leri-cr3,AF41,0
58,LER_Ingress,leri-cr3,AF42,0
58,LER_Ingress,leri-cr3,AF43,0
59,LER_Ingress,leri-cr1,AF41,0
59,LER_Ingress,leri-cr1,AF42,94944
59,LER_Ingress,leri-cr1,AF43,51360
59,LER_Ingress,leri-cr2,AF41,0
59,LER_Ingress,leri-cr2,AF42,0
59,LER_Ingress,leri-cr2,AF43,0
59,LER_Ingress,leri-cr3,AF41,0
59,LER_Ingress,leri-cr3,AF42,0
59,LER_Ingress,leri-cr3,AF43,0
60,LER_Ingress,leri-cr1,AF41,0
60,LER_Ingress,leri-cr1,AF42,94901
60,LER_Ingress,leri-cr1,AF43,51331
60,LER_Ingress,leri-cr2,AF41,0
60,LER_Ingress,leri-cr2,AF42,0
60,LER_Ingress,leri-cr2,AF43,0
60,LER_Ingress,leri-cr3,AF41,0
60,LER_Ingress,leri-cr3,AF42,0
60,LER_Ingress,leri-cr3,AF43,0
61,LER_Ingress,leri-cr1,AF41,0
61,LER_Ingress,leri-cr1,AF42,46408
61,LER_Ingress,leri-cr1,AF43,25097
61,LER_Ingress,leri-cr2,AF41,0
61,LER_Ingress,leri-cr2,AF42,0
61,LER_Ingress,leri-cr2,AF43,0
61,LER_Ingress,leri-cr3,AF41,0
61,LER_Ingress,leri-cr3,AF42,0
61,LER_Ingress,leri-cr3,AF43,0
62,LER_Ingress,leri-cr1,AF41,0
62,LER_Ingress,leri-cr1,AF42,0
62,LER_Ingress,leri-cr1,AF43,0
62,LER_Ingress,leri-cr2,AF41,0
62,LER_Ingress,leri-cr2,AF42,0
62,LER_Ingress,leri-cr2,AF43,0
62,LER_Ingress,leri-cr3,AF41,0
62,LER_Ingress,leri-cr3,AF42,0
62,LER_Ingress,leri-cr3,AF43,0
63,LER_Ingress,leri-cr1,AF41,0
63,LER_Ingress,leri-cr1,AF42,0
63,LER_Ingress,leri-cr1,AF43,0
63,LER_Ingress,leri-cr2,AF41,0
63,LER_Ingress,leri-cr2,AF42,0
63,LER_Ingress,leri-cr2,AF43,0
63,LER_Ingress,leri-cr3,AF41,0
63,LER_Ingress,leri-cr3,AF42,0
63,LER_Ingress,leri-cr3,AF43,0
